Time (s),Voltage_A2 (V),Voltage_A1 (V)
0.0,2.8795118770628085,2.4999737998137066
